{"mybox":[[[[40.0,-1.7000000000000002,-2.3000000000000003],[240.0,-10.3,-13.700000000000001],[240.0,174.9,-13.700000000000001],[40.0,29.1,-2.3000000000000003]],[0.05690762852534758,0.0,0.9983794478131153]],[[[40.0,-1.7000000000000002,2.3000000000000003],[240.0,-10.3,13.700000000000001],[240.0,174.9,13.700000000000001],[40.0,29.1,2.3000000000000003]],[0.05690762852534758,0.0,-0.9983794478131153]],[[[40.0,-1.7000000000000002,2.3000000000000003],[240.0,-10.3,13.700000000000001],[240.0,-10.3,-13.700000000000001],[40.0,-1.7000000000000002,-2.3000000000000003]],[0.04296030154336001,0.9990767800781397,0.0]],[[[40.0,29.1,2.3000000000000003],[240.0,174.9,13.700000000000001],[240.0,174.9,-13.700000000000001],[40.0,29.1,-2.3000000000000003]],[0.5890842255081857,-0.8080716399289243,0.0]],[[[40.0,-1.7000000000000002,2.3000000000000003],[40.0,-1.7000000000000002,-2.3000000000000003],[40.0,29.1,-2.3000000000000003],[40.0,29.1,2.3000000000000003]],[1.0,0.0,0.0]],[[[240.0,-10.3,13.700000000000001],[240.0,-10.3,-13.700000000000001],[240.0,174.9,-13.700000000000001],[240.0,174.9,13.700000000000001]],[-1.0,0.0,0.0]]],
"c1ThetaMinPhiMin":[40.0,-1.7000000000000002,2.3000000000000003],
"c1ThetaMinPhiMax":[40.0,29.1,2.3000000000000003],
"c1ThetaMaxPhiMin":[40.0,-1.7000000000000002,-2.3000000000000003],
"c1ThetaMaxPhiMax":[40.0,29.1,-2.3000000000000003],
"c2ThetaMinPhiMin":[240.0,-10.3,13.700000000000001],
"c2ThetaMinPhiMax":[240.0,174.9,13.700000000000001],
"c2ThetaMaxPhiMin":[240.0,-10.3,-13.700000000000001],
"c2ThetaMaxPhiMax":[240.0,174.9,-13.700000000000001]}
