{"mybox":[[[[100.0,-0.9,-0.9],[750.0,-6.800000000000001,-6.800000000000001],[750.0,306.8,-6.800000000000001],[100.0,40.900000000000006,-0.9]],[0.009076549173764393,0.0,0.9999588072791279]],[[[100.0,-0.9,40.900000000000006],[750.0,-6.800000000000001,306.8],[750.0,306.8,306.8],[100.0,40.900000000000006,40.900000000000006]],[0.3786217567169717,0.0,-0.9255514925386671]],[[[100.0,-0.9,40.900000000000006],[750.0,-6.800000000000001,306.8],[750.0,-6.800000000000001,-6.800000000000001],[100.0,-0.9,-0.9]],[0.009076549173764393,0.9999588072791279,0.0]],[[[100.0,40.900000000000006,40.900000000000006],[750.0,306.8,306.8],[750.0,306.8,-6.800000000000001],[100.0,40.900000000000006,-0.9]],[0.3786217567169717,-0.9255514925386671,0.0]],[[[100.0,-0.9,40.900000000000006],[100.0,-0.9,-0.9],[100.0,40.900000000000006,-0.9],[100.0,40.900000000000006,40.900000000000006]],[1.0,0.0,0.0]],[[[750.0,-6.800000000000001,306.8],[750.0,-6.800000000000001,-6.800000000000001],[750.0,306.8,-6.800000000000001],[750.0,306.8,306.8]],[-1.0,0.0,0.0]]],
"c1ThetaMinPhiMin":[100.0,-0.9,40.900000000000006],
"c1ThetaMinPhiMax":[100.0,40.900000000000006,40.900000000000006],
"c1ThetaMaxPhiMin":[100.0,-0.9,-0.9],
"c1ThetaMaxPhiMax":[100.0,40.900000000000006,-0.9],
"c2ThetaMinPhiMin":[750.0,-6.800000000000001,306.8],
"c2ThetaMinPhiMax":[750.0,306.8,306.8],
"c2ThetaMaxPhiMin":[750.0,-6.800000000000001,-6.800000000000001],
"c2ThetaMaxPhiMax":[750.0,306.8,-6.800000000000001]}
